Gene,NOCA_fst,NOCA_raisd,PYRR_fst,PYRR_raisd,BurrowingOwl,GreatTit
AANAT,0,0,0,1,0,0
AAR2,0,0,0,1,0,0
ABCA9,0,0,1,0,0,0
ABCB1,0,0,0,0,0,1
ABCB11,1,0,1,0,0,0
ABCB6,1,0,0,0,0,0
ABHD5,0,1,0,0,0,0
ABI2,0,0,1,0,0,0
ABRACL,0,1,0,0,0,0
ABTB2,0,0,0,0,1,0
ACAP2,1,0,0,0,0,0
ACER3,1,0,0,0,0,0
ACOX1,0,0,0,1,0,0
ACP6,1,0,0,0,0,0
ACTN2,0,0,0,0,1,0
ADAMTS12,0,0,0,0,0,1
ADGB,1,0,0,0,0,0
ADGRG6,1,0,0,0,0,0
ADGRL3,1,0,1,0,0,0
ADH5,0,1,0,0,0,0
ADNP2,0,1,0,1,0,0
AFF2,1,0,1,0,0,0
AGBL1,1,0,0,0,0,0
AGMO,0,0,0,0,1,0
AGRN,0,0,0,0,1,0
AHRR,0,0,1,0,0,0
AIDA,0,1,0,0,0,0
AIMP1,0,0,1,0,0,0
AK4,1,0,0,0,0,0
AKAIN1,1,0,0,0,0,0
AKAP7,0,0,0,0,1,0
AKAP9,0,0,1,0,0,0
AKNA,0,0,0,1,0,0
ALCAM,0,0,1,1,0,0
ALDH1L2,0,0,0,1,0,0
ALDH5A1,0,0,0,1,0,0
ALK,0,1,0,0,1,0
AMDHD2,0,0,0,1,0,0
AMN1,1,0,0,0,0,0
ANAPC2,0,0,0,1,0,0
ANGEL1,0,1,0,0,0,0
ANGPTL5,0,1,0,1,0,0
ANK3,0,0,0,0,1,0
ANKIB1,0,0,1,0,0,0
ANKRD1,0,0,0,0,0,1
ANKRD27,0,0,0,0,0,1
ANKS1B,1,0,0,0,1,0
ANKS6,0,1,0,0,0,0
ANKZF1,1,0,0,0,0,0
ANO10,0,1,0,0,0,0
ANO3,0,0,1,0,0,0
ANXA7,0,0,1,0,0,0
AP2B1,0,0,0,0,1,0
APAF1,1,0,0,0,0,0
APBB2,0,0,0,0,0,1
APBB3,0,0,0,1,0,0
APLF,0,1,0,0,0,0
APOLD1,1,0,1,0,1,0
APP,0,0,0,0,1,0
APPL1,0,0,0,0,1,0
APPL2,0,0,0,1,0,0
ARAP3,0,0,0,1,0,0
ARFGEF3,0,1,0,0,0,0
ARFIP1,0,1,0,0,0,0
ARHGAP15,0,0,1,0,0,0
ARHGAP32,0,0,0,0,1,0
ARHGAP42,0,1,0,1,0,0
ARHGEF33,1,0,0,0,0,0
ARHGEF6,0,0,1,0,0,0
ARHGEF9,1,0,0,0,0,0
ARID1B,1,0,0,0,0,0
ARIH1,0,0,1,0,0,0
ARL14EP,0,0,0,1,0,0
ARL6IP4,0,0,1,0,0,0
ARL8A,1,0,0,0,0,0
ARL9,0,1,0,0,0,0
ARMC7,0,0,0,1,0,0
ARRDC1,0,0,0,1,0,0
ASB5,0,0,0,1,0,0
ASCC3,0,0,1,0,0,0
ASCL4,0,0,0,1,0,0
ASIC4,1,0,0,0,0,0
ASIC5,0,0,1,0,0,0
ASPN,1,0,0,0,0,0
ASRGL1,0,0,0,0,1,0
ATG2B,1,0,0,0,0,0
ATG9A,1,0,0,0,0,0
ATP10D,0,0,1,0,0,0
ATP11A,0,0,1,0,0,0
ATP11B,0,0,1,0,0,0
ATP1A1,0,0,0,1,0,0
ATP1B1,0,0,1,0,0,0
ATP2B2,1,0,0,0,0,0
ATP5PD,0,0,0,1,0,0
ATP6V0A4,0,1,0,0,0,0
ATP6V0C,0,0,0,1,0,0
ATP6V1G1,0,0,0,1,0,0
ATP8A1,0,1,0,0,0,0
ATP9B,1,1,0,1,0,0
ATRN,1,0,0,0,1,0
AUTS2,1,0,0,0,0,0
AVL9,0,0,0,0,0,1
AZI2,0,0,0,1,0,0
B(0)AT2,0,0,0,0,0,1
BABAM2,1,0,1,0,0,0
BANK1,0,0,1,0,0,0
BASP1,0,0,1,0,0,0
BAZ1A,0,0,1,0,0,0
BCAS3,0,0,0,0,1,0
BCL11A,0,0,0,0,1,0
BCL2,0,0,0,0,1,0
BCL9,1,0,0,0,0,0
BDKRB1,1,0,0,0,1,0
BDKRB2,1,0,0,0,1,0
BEND4,0,1,0,0,0,0
BEST1,0,0,0,0,1,0
BFSP1,0,1,0,0,0,0
BICD2,1,0,0,0,0,0
BLNK,1,0,0,0,0,0
BMF,1,0,0,0,0,0
BMPR2,0,0,0,0,1,0
BNIP3,1,0,1,0,0,0
BPIFC,0,0,0,1,0,0
BRD9,1,1,0,1,0,0
BROX,0,1,0,0,0,0
BTBD11,1,0,0,1,0,0
C14H16orf91,0,0,0,1,0,0
C1AH12orf45,0,0,0,1,0,0
C1AH12orf73,0,0,0,1,0,0
C1AH12orf75,0,0,0,1,0,0
C1D,0,1,0,0,0,0
C1QA,0,0,0,0,1,0
C1QB,0,0,0,0,1,0
C1QC,0,0,0,0,1,0
C23H1orf109,1,0,1,0,0,0
C4H4orf33,0,0,0,0,0,1
C4H4orf54,0,1,0,0,0,0
C5H11orf91,0,0,0,1,0,0
C7H19orf73,0,0,0,0,0,1
CACNA1C,0,0,1,0,1,0
CACNA1S,1,0,1,0,0,0
CACNA2D2,0,0,1,0,0,0
CACTIN,1,0,1,0,0,0
CADM2,0,0,0,0,1,1
CADPS,1,0,0,0,0,0
CADPS2,0,0,0,0,1,0
CAP2,0,0,0,1,0,0
CAPN8,0,1,0,0,0,0
CAPRIN2,1,1,0,0,0,0
CARD10,0,0,1,0,0,0
CARF,0,0,0,0,0,1
CASKIN2,1,0,0,1,0,0
CASQ2,0,0,0,1,0,0
CBLB,0,0,0,1,0,0
CBX3,1,0,0,0,0,0
CCDC141,0,0,1,0,0,0
CCDC142,0,0,0,1,0,0
CCDC191,0,0,0,1,0,0
CCDC28A,0,1,0,0,0,0
CCDC73,0,0,0,1,0,0
CCDC80,0,0,1,0,0,0
CCDC82,1,0,0,0,0,0
CCDC91,1,0,1,0,0,0
CCK,0,0,1,1,0,0
CCN4,1,0,1,0,0,0
CCNG2,1,0,0,0,0,0
CCNI,1,0,0,0,0,0
CD109,0,0,0,1,0,0
CD40LG,0,0,1,0,0,0
CD83,0,0,0,1,0,0
CDC42EP3,1,0,0,0,0,0
CDCA8,1,0,1,0,0,0
CDH10,0,0,0,0,1,0
CDH11,1,0,0,0,0,0
CDH13,0,0,1,0,0,0
CDH18,1,0,0,0,0,1
CDH19,0,0,0,0,1,0
CDH20,1,0,0,0,0,0
CDH8,0,0,1,0,1,0
CDH9,1,0,0,0,1,0
CDK14,0,0,1,0,0,0
CDK3,0,0,0,1,0,0
CDKAL1,1,1,1,1,0,0
CDON,1,0,0,0,0,0
CDR2L,0,0,0,1,0,0
CDYL,0,0,1,0,0,0
CEBPZ,1,0,0,0,0,0
CELF2,0,0,0,0,0,1
CENPC,0,0,1,0,0,0
CENPP,1,0,0,0,0,0
CEP112,0,0,1,0,0,0
CEP126,0,1,0,1,0,0
CEP135,1,0,1,0,0,0
CEP83,1,0,0,0,0,0
CERS6,1,0,0,0,0,0
CFAP300,0,1,0,1,0,0
CFAP43,1,0,0,0,0,0
CFAP44,0,0,0,1,0,0
CFL2,0,0,1,0,0,0
CGAS,0,0,0,1,0,0
CH25H,0,0,0,0,0,1
CHAT,0,0,0,0,1,0
CHD6,0,0,0,1,0,0
CHEK1,1,0,1,0,0,0
CHPF,1,0,0,0,0,0
CHRM3,1,0,0,0,0,1
CHST11,0,0,1,1,0,0
CITED2,0,1,0,0,0,0
CKAP4,0,0,0,1,0,0
CLCN6,0,0,0,0,1,0
CLDN23,0,1,0,0,0,0
CLDND1,0,0,0,1,0,0
CLGN,0,0,0,1,0,0
CLIP4,0,1,0,0,0,0
CLPX,0,0,0,0,1,0
CLUL1,0,0,0,0,1,0
CLYBL,0,0,1,0,0,0
CMC1,0,0,0,1,0,0
CMTM6,0,1,0,0,0,0
CMTM7,0,1,0,0,0,0
CMTM8,0,1,0,0,0,0
CNOT10,0,1,0,0,0,0
CNRIP1,0,1,0,0,0,0
CNTN1,0,0,0,0,1,0
CNTN2,0,0,0,0,1,0
CNTN4,1,0,0,0,1,0
CNTN5,0,0,1,0,0,0
CNTNAP2,0,0,1,0,1,0
COCH,0,0,1,0,0,0
COG7,0,0,0,1,0,0
COL12A1,0,0,0,1,0,0
COL14A1,1,0,1,0,0,0
COL15A1,1,1,1,1,0,0
COL25A1,0,0,0,0,1,0
COL28A1,1,0,0,0,0,0
COL4A1,0,0,1,0,0,0
COMMD2,0,0,1,0,0,0
COMMD8,0,0,1,0,0,0
CORIN,0,0,1,0,0,0
CRAMP1,0,0,0,1,0,0
CREB5,1,0,0,0,0,0
CRIM1,1,0,0,0,0,0
CRPPA,0,0,1,0,0,0
CRY1,0,0,0,1,0,0
CSF2RB,0,0,1,0,0,0
CSGALNACT1,0,0,1,0,0,0
CSMD1,0,0,1,0,0,0
CSMD3,1,0,0,0,1,0
CSRP2,1,0,0,0,0,0
CST3,0,1,0,0,0,0
CSTF3,0,0,0,1,0,0
CTC1,0,0,0,1,0,0
CTDP1,0,1,0,1,0,0
CTNNA2,0,0,0,0,1,0
CTNNA3,0,0,1,0,0,0
CTNNB1,0,0,0,1,0,0
CTNND2,1,0,1,0,0,0
CTSC,0,0,1,0,0,0
CTSO,0,0,1,0,0,0
CUBN,0,0,1,0,0,0
CUEDC2,1,0,0,0,0,0
CUX1,0,0,1,0,0,0
CXXC4,1,0,0,0,0,0
CYGB,0,0,0,1,0,0
CYTH4,0,0,1,0,0,0
DACH1,1,0,0,0,0,1
DAGLA,1,0,0,0,0,0
DAP3,1,0,0,0,0,0
DAPP1,0,1,0,0,0,0
DAZL,0,0,1,0,0,0
DBX1,0,0,0,0,0,1
DCDC2,0,0,0,1,0,0
DCHS1,1,0,0,0,0,0
DCHS2,0,1,0,0,0,0
DCLK1,0,0,0,0,1,0
DCTN1,0,0,0,1,0,0
DCTN5,0,0,0,1,0,0
DCUN1D1,0,0,1,0,0,0
DCUN1D5,0,0,0,1,0,0
DDX3X,0,0,0,0,1,0
DDX43,0,0,0,1,0,0
DDX47,1,0,1,0,0,0
DEK,0,0,0,1,0,0
DENND1B,0,0,0,0,1,0
DENND5B,1,0,0,0,0,0
DEPDC7,0,0,0,1,0,0
DEPTOR,1,0,1,0,0,0
DGKI,1,0,1,0,0,0
DGKZ,0,0,0,0,0,1
DHCR24,0,0,0,0,0,1
DHRS9,0,0,1,0,0,0
DHX57,1,0,0,0,0,0
DIP2A,0,0,1,0,0,0
DIS3L2,1,0,0,0,0,0
DISP1,0,1,0,0,0,0
DKK2,1,0,0,0,0,0
DLC1,1,1,0,0,0,0
DLG2,0,0,0,0,1,1
DLGAP4,0,0,1,1,0,0
DLX1,1,0,0,0,0,0
DLX2,1,0,0,0,0,0
DMD,1,0,1,0,1,0
DMXL2,1,0,0,0,0,0
DNAH5,0,0,0,0,0,1
DNAI1,0,0,0,0,0,1
DNAJB14,0,1,0,0,0,0
DNAJC24,0,0,0,1,0,0
DNAJC6,1,0,0,0,0,0
DNER,0,0,1,0,0,0
DNM1L,1,0,0,0,0,0
DNM3,1,0,0,0,0,0
DNTT,1,0,0,0,0,0
DOCK1,0,0,1,0,0,0
DOK6,1,0,0,0,0,0
DPF3,0,1,0,0,0,0
DPY19L3,1,0,0,0,0,1
DPYD,1,0,1,0,0,0
DQX1,0,0,0,1,0,0
DRAXIN,0,0,0,0,1,0
DRD3,0,0,0,1,0,0
DROSHA,0,0,1,0,0,0
DSTN,0,1,0,0,0,0
DTD1,0,1,0,0,0,0
DTNA,0,0,0,0,1,0
DTNBP1,0,0,1,0,0,0
DTWD1,1,0,0,0,0,0
DUSP4,0,1,0,0,0,0
DYNC1LI1,0,1,0,0,0,0
DYNC2H1,0,0,0,1,0,0
DYNLRB1,0,0,0,1,0,0
DYRK1A,0,0,1,0,0,0
DZANK1,0,1,0,0,0,0
E2F3,0,1,0,1,0,0
EAF2,1,0,0,0,0,0
EARS2,0,0,0,1,0,0
EBF1,1,0,0,0,0,0
EBF2,1,0,0,0,0,0
ECM2,1,0,0,0,0,0
EEF1A1,0,0,0,1,0,0
EEF1AKNMT,1,0,0,0,0,0
EEFSEC,1,0,0,0,0,0
EEPD1,1,0,0,0,0,0
EFHD1,0,0,1,0,0,0
EHBP1,1,0,0,0,0,0
EHD4,1,0,0,0,0,0
EHF,1,0,0,0,0,0
EHMT1,0,0,0,1,0,0
EI24,1,0,1,0,0,0
EIF2AK4,1,0,0,0,0,0
EIF3F,0,0,1,0,0,0
EIF3M,0,0,0,1,0,0
EIF4E,0,1,0,0,0,0
EIPR1,0,0,1,0,0,0
ELFN2,0,0,1,0,0,0
ELMOD2,0,0,0,1,0,0
ELOVL6,1,0,0,0,0,0
ELP2,0,0,1,0,0,0
ELP4,0,0,0,1,0,0
ELP6,0,0,0,0,0,1
EMCN,0,1,0,0,0,0
EML1,1,0,0,0,0,0
ENAH,0,0,0,0,1,0
ENOSF1,0,0,0,0,1,0
ENOX1,1,0,0,0,0,0
ENPP2,1,0,0,0,0,0
ENTPD1,0,0,1,0,0,0
EPB41L1,0,0,0,1,0,0
EPCAM,0,1,0,0,0,0
EPHA10,1,0,1,0,0,0
EPHA5,0,1,0,0,0,0
EPHB2,1,0,0,0,1,0
ERBB4,0,0,1,0,0,0
ERC2,1,0,0,0,1,0
ERN2,0,0,0,1,0,0
ESR1,0,0,1,0,0,0
ESRRB,0,1,0,0,0,0
ESYT2,0,0,0,0,1,0
ETF1,0,0,0,1,0,0
ETFBKMT,1,0,0,0,0,0
ETV1,0,0,1,0,0,0
EVPL,0,0,0,1,0,0
EXOC1,1,0,1,0,0,0
EXOC1L,1,0,0,0,0,0
EXOC2,0,0,1,0,0,0
EXOC3,0,0,1,0,0,0
EXOC7,0,0,0,1,0,0
EYA1,0,0,1,0,0,0
EYS,0,0,1,0,0,0
FADS6,0,0,0,1,0,0
FAM114A2,0,0,0,0,1,0
FAM118B,1,0,1,0,0,0
FAM155A,0,0,1,0,0,0
FAM160A1,0,1,0,0,0,0
FAM166A,0,0,0,1,0,0
FAM180A,1,0,0,0,0,0
FAM3C,0,0,1,0,0,0
FAM49B,0,0,1,0,0,0
FAM76A,1,0,0,0,0,0
FAM8A1,0,0,0,1,0,0
FARP1,0,0,1,0,0,1
FAT4,0,0,0,0,1,0
FBXL15,1,0,0,0,0,0
FBXO11,0,1,0,0,0,0
FBXO32,1,0,0,0,0,0
FBXO36,0,0,0,0,1,0
FBXO43,0,0,1,0,0,0
FBXO48,0,1,0,0,0,0
FBXO7,0,0,0,1,0,0
FBXW7,0,1,0,0,0,0
FCHSD1,0,0,0,1,0,0
FCHSD2,1,0,0,0,0,0
FDXR,0,0,0,1,0,0
FEZF2,1,0,0,0,0,0
FGA,0,1,0,0,0,0
FGB,0,1,0,0,0,0
FGD3,1,0,0,0,0,0
FGF18,0,0,0,1,0,0
FGF7,1,0,0,0,0,0
FGFR2,0,0,0,0,1,0
FGG,0,1,0,0,0,0
FHDC1,0,1,0,0,0,0
FHL1,0,0,1,0,0,0
FHOD3,0,0,1,0,0,0
FLT3,1,0,0,0,0,0
FOXJ1,0,0,0,1,0,0
FOXL2,1,0,0,0,0,0
FOXN2,0,1,0,0,0,0
FOXN3,0,0,1,0,0,0
FOXP2,0,0,1,0,0,0
FOXRED1,1,0,1,0,0,0
FPGT,1,0,0,0,0,0
FRMD4A,0,0,0,0,1,0
FRMPD4,0,0,0,0,1,0
FRY,1,0,0,0,0,0
FSHB,0,0,0,1,0,0
FSIP1,1,0,0,0,0,0
FSTL1,0,0,0,1,0,0
FSTL4,0,0,0,0,1,0
FTO,0,0,1,0,0,0
FUT8,0,0,1,0,0,0
G6PC2,1,0,1,0,0,0
GABBR2,0,0,0,0,1,0
GABRA1,0,0,0,0,1,0
GABRB1,0,0,1,0,0,0
GABRB2,1,0,0,0,0,0
GABRG3,0,0,0,0,0,1
GABRP,0,0,0,1,0,0
GAL,0,0,1,0,0,0
GALK1,0,0,0,1,0,0
GALNT12,0,1,0,0,0,0
GALR1,0,0,0,0,1,0
GALR2,0,0,0,1,0,0
GAP43,0,0,1,1,0,0
GASK1B,0,0,0,0,1,0
GATB,0,1,0,0,0,0
GFOD1,0,0,1,0,0,0
GGA2,0,0,0,1,0,0
GGA3,0,0,1,1,0,0
GGT7,0,0,1,1,0,0
GIGYF2,0,0,1,0,0,0
GIMD1,0,0,1,0,0,0
GIPC3,1,0,1,0,0,0
GJA5,1,0,0,0,0,0
GJB1,1,0,1,0,0,0
GLB1L,1,0,0,0,0,0
GLDN,1,0,0,0,0,0
GLI3,1,0,0,0,1,0
GLRA3,0,0,1,1,1,0
GLRB,1,0,0,0,0,0
GLT8D2,0,0,0,1,0,0
GLYR1,0,0,0,1,0,0
GMDS,0,0,0,0,0,1
GMPPA,1,0,0,0,0,0
GNAI2,1,0,0,0,0,0
GNAT1,1,0,0,0,0,0
GNG4,0,0,1,0,0,0
GNPDA2,0,1,0,0,0,0
GNPTG,0,0,0,1,0,0
GOLGA4,0,1,0,1,0,0
GORAB,0,0,1,0,0,0
GPATCH2L,0,1,1,0,0,0
GPC6,0,0,0,0,1,0
GPD1L,0,1,0,0,0,0
GPLD1,0,0,0,1,0,0
GPM6A,0,0,1,1,1,0
GPR15,0,0,0,1,0,0
GPR156,0,0,0,1,0,0
GPR158,0,0,0,0,1,0
GPR176,1,0,0,0,0,0
GPR37L1,1,0,0,0,0,0
GPR52,1,0,0,0,0,0
GRAMD1C,0,0,0,1,0,0
GRB2,0,0,0,1,0,0
GRIA2,1,0,0,0,0,0
GRIA4,0,0,0,0,1,0
GRID1,1,0,0,0,0,0
GRID2,0,0,1,0,0,0
GRIFIN,0,0,1,0,0,0
GRIP2,0,0,0,0,1,0
GRM7,0,0,0,0,0,1
GRM8,0,0,1,0,0,0
GRXCR1,0,1,0,0,0,0
GSK3B,0,0,0,1,0,0
GSTZ1,1,0,0,0,0,0
GTDC1,1,0,0,0,0,0
GTF2A1L,0,1,0,0,0,0
GTF2E1,0,0,0,1,0,0
GTF2F2,1,0,0,0,0,0
GTF2I,1,0,1,0,0,0
GTF2IRD1,1,0,1,0,0,0
GUCY1A1,1,0,0,0,0,0
GUF1,0,1,0,0,0,0
HAAO,0,0,0,1,0,0
HCFC2,0,0,0,1,0,0
HDAC3,0,0,0,1,0,0
HECA,0,1,0,0,0,0
HECW1,1,0,0,0,0,0
HEXA,0,0,1,0,0,0
HGD,0,0,0,1,0,0
HID1,0,0,0,1,0,0
HIP1,0,0,1,0,0,0
HIPK2,0,1,0,0,0,0
HIPK3,0,0,0,1,0,0
HMCN1,0,0,1,0,0,0
HMG20B,1,0,1,0,0,0
HNRNPA2B1,1,0,0,0,0,0
HOPX,0,1,0,0,0,0
HPGD,0,0,0,1,0,0
HPS1,0,0,1,0,0,0
HPSE2,0,0,1,0,0,0
HRAS,1,0,0,0,0,0
HS3ST2,0,0,0,1,0,0
HS3ST4,0,0,0,1,0,0
HSBP1L1,0,1,0,1,0,0
HSP90B1,0,0,0,1,0,0
HSPA9,0,0,0,1,0,0
HSPBAP1,0,0,1,0,0,0
HTATSF1,0,0,1,0,0,0
HTR1E,0,0,0,1,0,0
HTR7,1,0,0,0,0,1
ID4,0,1,0,1,0,0
IDH3B,0,0,0,1,0,0
IFT122,0,0,1,0,0,0
IFT140,0,0,0,1,0,0
IFT43,0,1,1,0,0,0
IGF1,0,0,1,0,0,0
IGF2BP2,0,0,1,0,0,0
IGSF11,0,0,0,1,0,0
IKBIP,1,0,0,0,0,0
IL15,0,0,0,1,0,0
IL16,0,0,1,0,1,0
IL1RAPL1,0,0,1,0,1,0
IL21R,0,0,0,1,0,0
IL4R,0,0,0,1,0,0
ILDR1,0,0,0,1,0,0
IMMP1L,0,0,0,1,0,0
INSYN2A,0,0,1,0,0,0
IPO8,1,1,0,0,0,0
IPO9,1,0,0,0,0,0
IQCB1,1,0,0,0,0,0
IQGAP2,0,0,0,0,0,1
IRAK2,0,0,1,0,0,0
IRF2BP2,1,0,0,0,0,0
IRF2BPL,0,1,0,0,0,0
IRX1,0,1,0,0,0,0
ITCH,0,0,0,1,0,0
ITGA9,0,1,0,0,0,0
ITGB4,0,0,0,1,0,0
ITPA,1,0,0,0,0,0
ITPKA,1,0,0,0,0,0
ITPR1,0,0,0,0,1,0
ITPR2,1,0,0,0,0,0
ITPRIP,1,0,0,0,0,0
ITSN1,0,0,0,0,1,0
JADE1,0,0,0,0,0,1
JARID2,0,0,1,0,0,0
JAZF1,0,0,1,0,0,0
JPH1,1,0,0,0,0,0
JPT1,0,0,1,1,0,0
JPT2,0,0,0,1,0,0
KAT14,0,1,0,0,0,0
KCNA4,0,0,0,1,0,0
KCNC1,0,0,1,0,0,0
KCND2,0,0,1,0,0,0
KCNG2,0,1,0,1,0,0
KCNH1,1,0,0,0,0,0
KCNH8,1,0,0,0,0,0
KCNK10,1,0,0,0,0,0
KCNK12,0,1,0,0,0,0
KCNK13,0,0,1,0,0,0
KCNQ5,0,0,0,1,0,0
KCTD2,0,0,0,1,0,0
KCTD4,1,0,0,0,0,0
KCTD8,0,1,0,0,0,0
KDM1B,0,0,0,1,0,0
KDM8,0,0,0,1,0,0
KDSR,0,0,1,0,0,0
KIAA0319,0,0,0,1,0,0
KIAA0895,1,0,0,0,0,0
KIAA1107,0,0,0,0,1,0
KIAA1109,0,0,0,0,1,0
KIAA1549,0,1,0,0,0,0
KIAA1549L,0,0,0,1,0,0
KIF13A,0,0,0,1,0,0
KIF20B,0,0,0,0,0,1
KIF21B,1,0,1,0,0,0
KIF5C,0,0,0,0,1,0
KIRREL3,0,0,1,0,0,0
KLF13,0,0,1,0,0,0
KLHL38,1,0,0,0,0,0
KMT5B,1,0,0,0,0,0
KNDC1,0,0,0,0,1,0
KPNA1,0,0,0,0,1,0
KRIT1,0,0,1,0,0,0
KYNU,0,0,1,0,0,0
LAMA2,0,0,0,0,1,0
LAMTOR3,0,1,0,0,0,0
LAPTM5,1,0,1,0,0,0
LARGE1,0,0,0,1,0,0
LBX2,0,0,0,1,0,0
LCLAT1,0,0,0,0,1,0
LCORL,1,0,0,0,0,0
LDB3,0,0,0,0,1,0
LEPROTL1,0,1,0,0,0,0
LGR5,1,0,0,0,0,0
LIN7A,1,0,0,0,0,0
LLGL2,0,0,0,1,0,0
LMBRD1,0,0,0,0,1,0
LOC107202827,0,0,0,0,0,1
LOC107202860,0,0,0,0,0,1
LOC107206391,0,0,0,0,0,1
LOC107206451,0,0,0,0,0,1
LOC107206452,0,0,0,0,0,1
LOC107206848,0,0,0,0,0,1
LOC107206916,0,0,0,0,0,1
LOC107206998,0,0,0,0,0,1
LOC107207000,0,0,0,0,0,1
LOC107209655,0,0,0,0,0,1
LOC113476040,0,0,0,0,1,0
LOC113476203,0,0,0,0,1,0
LOC113478177,0,0,0,0,1,0
LOC113484532,0,0,0,0,1,0
LOC113485835,0,0,0,0,1,0
LOC115901043,0,0,1,0,0,0
LOC115901050,0,1,0,1,0,0
LOC115901115,0,0,1,0,0,0
LOC115901170,1,0,0,0,0,0
LOC115901253,0,0,1,0,0,0
LOC115901254,1,0,0,0,0,0
LOC115901349,0,1,0,0,0,0
LOC115901469,0,1,0,1,0,0
LOC115901483,1,0,0,0,0,0
LOC115901555,0,1,0,0,0,0
LOC115901591,0,0,0,1,0,0
LOC115901612,0,0,0,1,0,0
LOC115901811,1,0,1,0,0,0
LOC115902165,0,1,0,1,0,0
LOC115902178,0,0,0,1,0,0
LOC115902223,0,0,0,1,0,0
LOC115902234,0,0,0,1,0,0
LOC115902242,0,1,0,1,0,0
LOC115902243,0,1,0,0,0,0
LOC115902438,1,0,0,0,0,0
LOC115902596,0,1,0,0,0,0
LOC115902670,0,0,0,1,0,0
LOC115902696,0,1,0,0,0,0
LOC115902811,0,0,0,1,0,0
LOC115902838,0,1,0,0,0,0
LOC115902841,0,1,0,0,0,0
LOC115902854,0,1,0,0,0,0
LOC115902857,0,0,0,1,0,0
LOC115902858,0,1,0,0,0,0
LOC115902859,0,1,0,0,0,0
LOC115902860,0,1,0,0,0,0
LOC115902929,0,1,0,0,0,0
LOC115902986,0,1,0,0,0,0
LOC115903015,1,0,0,0,0,0
LOC115903075,0,0,0,1,0,0
LOC115903085,1,0,1,0,0,0
LOC115903137,0,0,0,1,0,0
LOC115903139,0,0,0,1,0,0
LOC115903178,0,1,0,0,0,0
LOC115903184,1,0,0,0,0,0
LOC115903209,0,1,0,0,0,0
LOC115903224,0,1,0,0,0,0
LOC115903257,0,0,0,1,0,0
LOC115903272,0,1,0,0,0,0
LOC115903297,0,0,0,1,0,0
LOC115903323,0,0,0,1,0,0
LOC115903330,1,0,0,0,0,0
LOC115903331,1,0,0,0,0,0
LOC115903417,1,0,0,0,0,0
LOC115903461,0,1,0,0,0,0
LOC115903475,0,1,0,0,0,0
LOC115903477,1,0,0,0,0,0
LOC115903520,0,0,0,1,0,0
LOC115903581,0,1,0,0,0,0
LOC115903686,1,1,0,0,0,0
LOC115903690,0,1,0,0,0,0
LOC115903691,0,1,0,0,0,0
LOC115903694,0,1,0,0,0,0
LOC115903703,1,0,0,0,0,0
LOC115903733,0,0,0,1,0,0
LOC115903758,1,0,0,0,0,0
LOC115903761,1,0,0,0,0,0
LOC115903762,0,0,0,1,0,0
LOC115903770,0,0,0,1,0,0
LOC115903776,0,0,0,1,0,0
LOC115903786,0,0,0,1,0,0
LOC115903787,0,0,0,1,0,0
LOC115903791,0,1,0,0,0,0
LOC115903804,0,1,0,0,0,0
LOC115903805,0,1,0,0,0,0
LOC115903806,0,0,0,1,0,0
LOC115903807,0,0,0,1,0,0
LOC115903946,1,0,0,1,0,0
LOC115903989,0,1,0,0,0,0
LOC115903992,1,0,0,0,0,0
LOC115904053,0,0,0,1,0,0
LOC115904177,1,0,0,0,0,0
LOC115904182,1,0,0,0,0,0
LOC115904260,1,0,1,1,0,0
LOC115904465,0,0,0,1,0,0
LOC115904542,1,0,0,0,0,0
LOC115904554,0,1,0,0,0,0
LOC115904560,1,0,0,0,0,0
LOC115904565,0,0,1,0,0,0
LOC115904643,1,0,0,0,0,0
LOC115904731,1,0,0,0,0,0
LOC115904818,0,0,0,1,0,0
LOC115904843,0,0,1,0,0,0
LOC115904928,0,0,0,1,0,0
LOC115905029,0,0,0,1,0,0
LOC115905083,0,0,1,0,0,0
LOC115905167,0,0,1,0,0,0
LOC115905324,1,0,0,0,0,0
LOC115905581,0,0,1,0,0,0
LOC115905721,1,0,0,0,0,0
LOC115905878,1,0,0,0,0,0
LOC115905983,1,0,0,0,0,0
LOC115905996,1,0,0,0,0,0
LOC115906008,1,0,0,0,0,0
LOC115906293,1,0,0,0,0,0
LOC115906317,1,0,0,0,0,0
LOC115906743,1,0,0,0,0,0
LOC115906954,0,0,1,0,0,0
LOC115907081,0,0,1,0,0,0
LOC115907159,0,0,1,0,0,0
LOC115907160,0,0,1,0,0,0
LOC115907161,0,0,1,0,0,0
LOC115907162,0,0,1,0,0,0
LOC115907164,0,0,1,0,0,0
LOC115907165,0,0,1,0,0,0
LOC115907166,0,0,1,0,0,0
LOC115907167,0,0,1,0,0,0
LOC115907168,0,0,1,0,0,0
LOC115907169,0,0,1,0,0,0
LOC115907170,0,0,1,0,0,0
LOC115907171,0,0,1,0,0,0
LOC115907172,0,0,1,0,0,0
LOC115907173,0,0,1,0,0,0
LOC115907174,0,0,1,0,0,0
LOC115907175,0,0,1,0,0,0
LOC115907176,0,0,1,0,0,0
LOC115907177,0,0,1,0,0,0
LOC115907178,0,0,1,0,0,0
LOC115907179,0,0,1,0,0,0
LOC115907180,0,0,1,0,0,0
LOC115907181,0,0,1,0,0,0
LOC115907182,0,0,1,0,0,0
LOC115907183,0,0,1,0,0,0
LOC115907184,0,0,1,0,0,0
LOC115907185,0,0,1,0,0,0
LOC115907186,0,0,1,0,0,0
LOC115907187,0,0,1,0,0,0
LOC115907188,0,0,1,0,0,0
LOC115907193,0,0,1,0,0,0
LOC115907203,0,0,1,0,0,0
LOC115907225,0,1,0,1,0,0
LOC115907344,1,0,0,0,0,0
LOC115907436,0,0,1,0,0,0
LOC115907457,0,1,0,1,0,0
LOC115907554,0,0,0,1,0,0
LOC115907706,0,0,1,0,0,0
LOC115907904,1,0,0,0,0,0
LOC115908149,0,0,1,0,0,0
LOC115908238,1,0,0,0,0,0
LOC115908282,1,0,1,0,0,0
LOC115908430,0,0,1,0,0,0
LOC115908437,0,0,1,0,0,0
LOC115908486,0,0,1,0,0,0
LOC115908498,1,0,0,0,0,0
LOC115908518,0,0,0,1,0,0
LOC115908519,0,0,0,1,0,0
LOC115908520,0,0,0,1,0,0
LOC115908525,0,0,0,1,0,0
LOC115908527,0,0,0,1,0,0
LOC115908528,0,0,0,1,0,0
LOC115908529,0,0,0,1,0,0
LOC115908530,0,0,0,1,0,0
LOC115908531,0,0,0,1,0,0
LOC115908532,0,0,0,1,0,0
LOC115908533,0,0,0,1,0,0
LOC115908534,0,0,0,1,0,0
LOC115908535,0,0,0,1,0,0
LOC115908543,0,0,0,1,0,0
LOC115908560,0,0,1,0,0,0
LOC115908579,0,0,0,1,0,0
LOC115908625,0,0,0,1,0,0
LOC115908651,0,0,0,1,0,0
LOC115908652,0,0,0,1,0,0
LOC115908706,0,0,0,1,0,0
LOC115908712,0,0,0,1,0,0
LOC115908724,0,0,0,1,0,0
LOC115908742,0,1,0,1,0,0
LOC115908758,0,0,0,1,0,0
LOC115908802,0,0,0,1,0,0
LOC115908814,0,0,0,1,0,0
LOC115908820,0,0,0,1,0,0
LOC115908821,0,0,0,1,0,0
LOC115908822,0,0,0,1,0,0
LOC115908823,0,0,0,1,0,0
LOC115908824,0,0,0,1,0,0
LOC115908825,0,0,0,1,0,0
LOC115908826,0,0,0,1,0,0
LOC115908827,0,0,0,1,0,0
LOC115908828,0,0,0,1,0,0
LOC115908829,0,0,0,1,0,0
LOC115908830,0,0,0,1,0,0
LOC115908831,0,0,0,1,0,0
LOC115908832,0,0,0,1,0,0
LOC115908833,0,0,0,1,0,0
LOC115908834,0,0,0,1,0,0
LOC115908836,0,0,0,1,0,0
LOC115908838,0,0,0,1,0,0
LOC115908880,0,0,0,1,0,0
LOC115908896,0,0,0,1,0,0
LOC115908897,0,0,0,1,0,0
LOC115908957,0,0,0,1,0,0
LOC115909025,0,0,1,1,0,0
LOC115909028,0,0,0,1,0,0
LOC115909075,0,0,0,1,0,0
LOC115909079,0,0,0,1,0,0
LOC115909139,0,0,0,1,0,0
LOC115909205,1,0,0,0,0,0
LOC115909212,0,0,0,1,0,0
LOC115909255,0,0,0,1,0,0
LOC115909257,0,0,1,1,0,0
LOC115909307,0,0,1,0,0,0
LOC115909321,0,0,0,1,0,0
LOC115909325,0,0,0,1,0,0
LOC115909393,0,0,1,0,0,0
LOC115909889,0,0,1,0,0,0
LOC115909906,1,0,1,0,0,0
LOC115909908,1,0,1,0,0,0
LOC115909915,1,0,1,0,0,0
LOC115909916,1,0,1,0,0,0
LOC115909918,1,0,1,0,0,0
LOC115909920,1,0,1,0,0,0
LOC115909925,1,0,1,0,0,0
LOC115909926,1,0,1,0,0,0
LOC115909932,1,0,1,0,0,0
LOC115909934,1,0,1,0,0,0
LOC115909946,1,0,1,0,0,0
LOC115909965,0,0,1,0,0,0
LOC115910010,1,0,1,0,0,0
LOC115910013,0,0,0,1,0,0
LOC115910020,0,0,0,1,0,0
LOC115910037,1,0,1,0,0,0
LOC115910191,0,0,1,0,0,0
LOC115910221,1,0,1,0,0,0
LOC115910431,0,0,1,0,0,0
LOC115910518,0,0,0,1,0,0
LOC115910694,0,0,0,1,0,0
LOC115910796,0,0,0,1,0,0
LOC115910801,0,0,0,1,0,0
LOC115910878,0,0,0,1,0,0
LOC115911036,0,0,0,1,0,0
LOC115911072,0,0,0,1,0,0
LOC115911100,0,0,1,0,0,0
LOC115911119,0,0,1,0,0,0
LOC115911262,1,0,0,1,0,0
LOC115911269,0,0,0,1,0,0
LOC115911272,0,0,0,1,0,0
LOC115911275,0,0,0,1,0,0
LOC115911332,0,0,0,1,0,0
LOC115911421,0,0,0,1,0,0
LOC115911430,0,0,0,1,0,0
LOC115911457,0,0,1,0,0,0
LOC115911459,0,0,1,0,0,0
LOC115911599,0,0,1,0,0,0
LOC115911704,1,0,0,0,0,0
LOC115911764,0,0,1,0,0,0
LOC115911765,0,0,1,0,0,0
LOC115911797,1,0,0,0,0,0
LOC115911798,1,0,0,0,0,0
LOC115911844,1,0,0,0,0,0
LOC115911850,1,0,0,0,0,0
LOC115912236,1,0,0,0,0,0
LOC115912373,0,1,0,1,0,0
LOC115912627,0,0,1,0,0,0
LOC115912903,1,0,0,0,0,0
LOC115913088,1,0,0,0,0,0
LOC115913198,1,0,0,0,0,0
LOC115913199,1,0,0,0,0,0
LOC115913200,1,0,0,0,0,0
LOC115913201,1,0,0,0,0,0
LOC115913202,1,0,0,0,0,0
LOC115913279,1,0,0,0,0,0
LOC115913280,1,0,0,0,0,0
LOC115913281,1,0,0,0,0,0
LOC115913282,1,0,0,0,0,0
LOC115913284,1,0,0,0,0,0
LOC115913291,1,0,0,0,0,0
LOC115913292,1,0,0,0,0,0
LOC115913293,1,0,0,0,0,0
LOC115913294,1,0,0,0,0,0
LOC115913297,1,0,0,0,0,0
LOC115913311,1,0,0,0,0,0
LOC115913313,1,0,0,0,0,0
LOC115913314,1,0,0,0,0,0
LOC115913323,1,0,0,0,0,0
LOC115913339,1,0,0,0,0,0
LOC115913371,1,0,0,0,0,0
LOC115913405,1,0,0,0,0,0
LOC115913411,1,0,0,0,0,0
LOC115913414,1,0,0,0,0,0
LOC115913426,1,0,0,0,0,0
LOC115913634,0,1,0,0,0,0
LOC115913692,1,0,1,0,0,0
LOC115913946,0,0,1,0,0,0
LOC115914398,0,0,0,1,0,0
LOC115914666,0,1,0,0,0,0
LOC115914842,1,0,1,0,0,0
LOC115914924,0,0,1,0,0,0
LOC115915888,0,0,0,1,0,0
LOC115916761,0,0,1,0,0,0
LOC115917307,1,0,0,0,0,0
LOC115917403,0,0,0,1,0,0
LOC115917567,0,0,1,0,0,0
LOC115917589,0,1,0,1,0,0
LOC115917607,0,0,1,0,0,0
LOC115917620,1,0,0,0,0,0
LOC115917644,0,1,0,1,0,0
LONRF1,0,1,0,0,0,0
LOXL4,0,0,1,0,0,0
LRAT,1,1,0,0,0,0
LRFN2,1,0,0,0,0,0
LRP1B,1,0,1,0,1,0
LRP2,1,0,1,0,0,0
LRRC14B,0,1,0,1,0,0
LRRC4C,0,0,0,0,1,0
LRRC58,0,0,0,1,0,0
LRRC74A,0,1,0,0,0,0
LRRIQ1,0,0,0,0,0,1
LRRTM3,0,0,1,0,0,0
LSAMP,1,0,1,1,1,0
LTK,1,0,0,0,0,0
LY75,1,0,0,0,0,0
LYST,0,0,1,0,0,0
LZTR1,1,0,0,0,0,0
MAATS1,0,0,0,1,0,0
MAB21L3,0,0,0,1,0,0
MAD1L1,0,0,1,0,0,0
MADD,0,0,1,0,0,0
MAGI2,0,0,0,0,1,0
MAML2,1,0,0,0,0,0
MAML3,0,0,0,1,0,0
MAN1A2,0,0,1,0,0,0
MAP1LC3A,0,0,0,1,0,0
MAP3K13,0,0,0,0,1,0
MAP3K9,0,1,0,0,0,0
MAP4,0,0,0,0,1,0
MAP4K3,1,0,0,0,0,0
MAP7D3,0,0,1,0,0,0
MAP9,1,0,0,0,0,0
MAPK8IP3,0,0,0,1,0,0
MARCHF1,0,0,1,0,0,0
MARCHF6,0,0,1,0,0,0
MASP1,0,0,1,0,0,0
MBD4,0,0,1,0,0,0
MBOAT1,0,1,0,1,0,0
MCAT,0,0,0,1,0,0
MCTP2,1,0,0,0,0,0
MCUB,1,0,0,0,0,0
MCUR1,0,0,0,1,0,0
MDFIC2,0,0,1,0,0,0
MED12,1,0,1,0,0,0
MED30,1,0,0,0,0,0
MEF2A,0,0,1,0,0,0
MEGF11,1,0,0,0,0,0
METAP1,0,1,0,0,0,0
METAP1D,1,0,0,0,0,0
METTL16,0,0,0,1,0,0
METTL8,0,0,0,0,0,1
MFAP3,0,0,0,0,1,0
MFAP3L,0,0,1,0,0,0
MFF,0,0,0,0,1,0
MFHAS1,0,1,0,0,0,0
MFNG,0,0,1,0,0,0
MFSD11,1,0,0,0,0,0
MFSD12,1,0,1,0,0,0
MGARP,0,0,0,1,0,1
MGAT4D,0,0,0,1,0,0
MGAT5B,1,0,0,0,0,0
MGME1,0,1,0,0,0,0
MGST2,0,0,0,1,0,0
MIF4GD,0,0,0,1,0,0
MIOS,1,0,0,0,0,0
MIPOL1,0,0,1,0,0,0
MKRN1,0,0,1,0,0,0
MKRN2,0,1,0,0,0,0
MKRN2OS,0,1,0,0,0,0
MLPH,0,0,1,0,0,0
MND1,1,1,0,0,0,0
MOCOS,0,0,1,0,0,0
MOGS,0,0,0,1,0,0
MPC1,1,0,0,0,0,0
MPP6,1,0,0,0,0,0
MPPED1,0,0,0,1,0,0
MPPED2,1,0,0,1,0,0
MRPL33,1,0,0,0,0,0
MRPL38,0,0,0,1,0,0
MRPL57,1,0,0,0,0,0
MRPL58,0,0,0,1,0,0
MRPS28,0,0,1,0,0,0
MRPS34,0,0,0,1,0,0
MRPS7,0,0,0,1,0,0
MRS2,0,0,0,1,0,0
MSH2,0,1,0,0,0,0
MSH6,0,1,0,0,0,0
MSS51,0,0,0,0,1,0
MSTO1,1,0,0,0,0,0
MTA1,0,0,1,0,0,0
MTERF2,0,0,0,1,0,0
MTHFR,0,0,0,0,1,0
MTMR4,0,0,1,0,0,0
MTO1,0,0,0,1,0,0
MTTP,0,1,0,0,0,0
MUC5AC,0,0,0,0,1,0
MUL1,0,0,0,0,1,0
MYADM,0,0,0,0,1,0
MYCBP2,0,0,1,0,0,0
MYF5,1,0,0,0,0,0
MYF6,1,0,0,0,0,0
MYH9,0,0,0,0,1,0
MYL9,0,0,1,1,0,0
MYO10,1,0,0,0,0,0
MYO5A,0,0,0,0,1,0
MYO5C,0,0,0,0,1,0
NAA15,0,0,0,1,0,1
NAV2,0,0,1,0,0,1
NCAM1,0,0,0,0,1,0
NCAM2,0,0,1,0,0,0
NCAPG,1,0,0,0,0,0
NCF4,0,0,1,0,0,0
NCK2,1,0,1,0,1,0
NCKAP5,0,0,1,0,0,0
NCOA2,1,0,0,0,0,0
NCOA6,0,0,1,1,0,0
NDRG1,1,0,1,0,0,0
NDUFA9,1,0,1,0,0,0
NDUFAF7,1,0,0,0,0,0
NDUFB4,0,0,0,1,0,0
NDUFC1,0,0,0,1,0,1
NECTIN3,0,0,1,0,0,0
NEGR1,0,0,1,0,0,0
NEK8,1,0,0,0,0,0
NELFB,0,0,0,1,0,0
NEUROD6,0,1,0,0,0,0
NFASC,0,0,0,0,1,0
NFATC1,0,1,0,1,0,0
NFKBIZ,0,0,1,0,0,0
NFYB,0,0,0,1,0,0
NHLH2,0,0,0,1,0,0
NHLRC1,0,0,0,1,0,0
NHSL1,0,1,0,0,0,0
NIBAN2,0,0,0,1,0,0
NIFK,1,0,0,0,0,0
NLGN3,1,0,1,0,0,0
NLGN4X,1,0,0,0,0,0
NOC3L,0,0,1,0,0,0
NOL7,0,0,0,1,0,0
NOP56,0,0,0,1,0,0
NOXRED1,1,0,0,0,0,0
NPM1,0,0,0,1,0,0
NPTN,0,0,0,0,1,0
NRSN1,0,0,0,1,0,0
NRXN3,1,0,0,0,1,1
NSMCE1,0,0,0,1,0,0
NSMF,0,0,0,1,0,0
NT5C,0,0,0,1,0,0
NT5DC2,0,0,1,0,0,0
NT5E,0,0,0,1,0,0
NTN3,0,0,0,1,0,0
NTN4,0,0,1,0,0,0
NTRK2,0,0,0,0,0,1
NTRK3,0,0,0,0,1,0
NTSR1,0,0,1,0,0,0
NUAK1,0,0,0,1,0,0
NUP153,0,0,0,1,0,0
NUP210,0,1,0,0,0,0
NUP85,0,0,1,1,0,0
NXPE3,0,0,1,0,0,0
NYAP2,0,0,1,0,0,0
OFCC1,0,0,1,0,0,0
OLA1,1,0,0,0,0,0
OMD,1,0,0,0,0,0
OPA1,0,0,0,0,1,0
OSBPL10,0,1,0,0,0,0
OSBPL8,1,0,0,0,0,0
OTOP2,0,0,0,1,0,0
OTOP3,0,0,0,1,0,0
OTUD7A,0,0,1,0,0,0
OVOL2,0,1,0,0,0,0
PABPC1L,0,0,1,0,0,0
PACS2,0,0,1,0,0,0
PACSIN2,0,0,0,1,0,0
PALB2,0,0,0,1,0,0
PAN3,1,0,0,0,0,0
PANK1,0,0,0,0,0,1
PAPOLA,0,0,0,0,0,1
PARK2,0,0,0,0,0,1
PARPBP,0,0,1,0,0,0
PARVB,0,0,0,1,0,0
PARVG,0,0,0,1,0,0
PAX2,1,0,0,0,0,0
PAX6,0,0,0,1,0,0
PBRM1,0,0,1,0,0,0
PCARE,0,1,0,0,0,0
PCCA,1,0,0,0,0,0
PCDH1,0,0,0,1,0,0
PCDH15,1,0,1,0,1,0
PCGF1,0,0,0,1,0,0
PCNT,0,0,1,0,0,0
PCNX1,0,1,0,0,0,0
PCSK2,0,1,0,0,0,0
PCTP,0,0,1,0,0,0
PDCD5,0,0,0,0,0,1
PDCD6,0,0,1,0,0,0
PDCD7,0,0,0,0,1,0
PDE10A,1,0,0,0,0,0
PDE1C,0,0,1,0,0,0
PDE3A,0,0,1,0,0,0
PDE7B,0,0,1,0,0,0
PDPK1,0,0,1,1,0,0
PDSS2,1,0,0,0,0,0
PELI1,0,0,1,0,0,0
PENK,0,0,0,0,1,0
PEX14,0,0,0,0,1,0
PEX2,0,1,0,0,0,0
PFKFB3,1,0,0,0,0,0
PFN2,0,0,1,0,0,0
PGR,0,1,0,1,0,0
PHACTR4,1,0,0,0,0,0
PHLPP1,1,0,0,0,0,0
PHTF2,0,0,1,0,0,0
PID1,0,0,0,0,1,0
PIGU,0,0,0,1,0,0
PIK3CB,1,0,0,0,0,0
PIP5K1C,1,0,1,0,0,0
PITPNM2,0,0,1,0,0,0
PKIA,0,1,0,0,0,0
PLA1A,0,0,0,1,0,0
PLA2R1,1,0,0,0,0,0
PLCB4,0,0,0,0,1,0
PLCE1,0,0,1,0,0,0
PLEK,0,1,0,0,0,0
PLEKHA5,0,0,0,0,1,0
PLEKHG1,0,0,1,0,0,0
PLEKHM3,0,0,0,0,0,1
PLK1,0,0,0,1,0,0
PLRG1,0,1,0,0,0,0
PLXND1,0,0,1,0,0,0
PMCH,0,0,1,0,0,0
PMEPA1,0,0,1,0,0,0
PNO1,0,1,0,0,0,0
PNPLA7,0,0,0,1,0,0
PNPT1,0,0,0,0,1,0
POLQ,0,0,0,1,0,0
POLR2K,0,0,1,0,0,0
POLR3B,0,0,0,1,0,0
POLR3F,0,1,0,0,0,0
POMP,0,0,1,0,0,0
POMT2,1,0,0,0,0,0
POPDC2,0,0,0,1,0,0
POU6F2,1,0,0,0,1,0
PPARG,0,1,0,0,0,0
PPAT,0,1,0,0,0,0
PPP1R21,0,1,0,0,0,0
PPP1R3B,0,1,0,0,0,0
PPP1R3G,0,0,1,0,0,0
PPP2R2D,1,0,1,0,0,0
PPP2R3B,0,0,1,0,0,0
PPP3CA,0,1,1,0,0,0
PPP3R1,0,1,0,0,0,0
PPP4R2,1,0,0,0,0,0
PPP6R2,0,0,1,0,0,0
PPP6R3,0,0,1,0,0,0
PRAG1,0,1,0,0,0,0
PRDM14,1,0,0,0,0,0
PRDM4,0,0,0,1,0,0
PREX1,0,0,1,0,0,0
PRKACB,0,0,1,0,0,0
PRKCH,0,0,1,0,0,0
PRKCI,0,0,0,0,1,0
PRKN,0,0,1,0,1,0
PRL,0,1,0,1,0,0
PRMT3,0,0,0,0,0,1
PROKR1,0,1,0,0,0,0
PRPSAP1,0,0,0,1,0,0
PRR18,1,0,0,0,0,0
PRRG4,0,0,0,1,0,0
PRRX1,0,0,1,0,0,0
PSMD14,1,0,0,0,0,0
PTCHD1,0,0,1,0,0,0
PTK2,0,0,0,0,1,0
PTN,1,0,0,0,0,0
PTPN14,1,0,0,0,0,0
PTPN7,1,0,0,0,0,0
PTPRD,0,0,0,0,0,1
PTPRG,0,0,1,0,0,0
PTPRK,0,0,1,0,0,0
PTPRN2,0,0,0,0,1,0
PVALB,0,0,1,0,0,0
PWP1,1,0,0,1,0,0
PYROXD2,0,0,1,0,0,0
QSER1,0,0,0,1,0,0
QTRT2,0,0,0,1,0,0
R3HCC1L,0,0,1,0,0,0
RAB11A,0,0,0,0,1,0
RAB11FIP3,0,0,0,0,1,0
RAB17,0,0,1,0,0,0
RAB19,0,0,1,0,0,0
RAB32,1,0,0,0,0,0
RAB33B,0,0,0,1,0,0
RAB34,1,0,0,0,0,0
RAB38,0,0,1,0,0,0
RAB4A,0,0,0,0,1,0
RAB5IF,0,0,1,1,0,0
RABGAP1L,1,0,0,0,0,0
RABL3,0,0,0,1,0,0
RAC2,0,0,1,0,0,0
RALGAPB,0,0,0,1,0,0
RANBP9,0,0,0,1,0,0
RAP1GDS1,0,1,0,0,0,0
RAPH1,0,0,1,0,0,0
RBFA,0,1,0,1,0,0
RBFOX1,0,0,1,0,0,0
RBFOX3,0,0,0,0,0,1
RBKS,1,0,0,0,0,0
RBL1,0,0,0,1,0,0
RBM24,0,0,0,1,0,0
RBM26,1,0,1,0,0,0
RBM46,1,1,0,0,0,0
RBM5,1,0,0,0,0,0
RBMS3,0,0,1,1,0,0
RCN1,0,0,0,1,0,0
RECK,0,1,0,1,0,0
RECQL5,0,0,0,1,0,0
RELL2,0,0,0,1,0,0
REPS1,0,1,0,0,0,0
REST,0,1,0,0,0,0
RETREG2,1,0,0,0,0,0
RFX4,0,0,0,1,0,0
RGS21,1,0,0,0,0,0
RGS22,0,0,1,0,0,0
RGS6,0,1,0,0,0,0
RHAG,0,0,0,0,1,0
RHBDF2,0,0,0,1,0,0
RHO,0,0,1,0,0,0
RHPN1,1,0,0,0,0,0
RIC8B,0,0,0,1,0,0
RIMS1,0,0,0,1,0,0
RNF13,0,0,1,0,0,0
RNF144B,0,0,0,1,0,0
RNF150,0,0,0,1,0,0
RNF157,0,0,0,1,0,0
RNF182,0,0,0,1,0,0
RNF38,0,0,0,0,0,1
RNF43,0,0,1,0,0,0
RNGTT,0,0,1,0,0,0
RNPS1,0,0,0,1,0,0
ROBO2,0,0,0,0,1,0
ROGDI,0,0,0,1,0,0
ROPN1L,0,0,1,0,0,0
RPAP1,1,0,0,0,0,0
RPL23A,1,0,0,0,0,0
RPL32,0,0,1,0,0,0
RPP30,0,0,0,0,0,1
RPP40,0,0,1,0,0,0
RPS3,1,0,0,0,0,0
RPS3A,0,1,0,0,0,0
RPS6KA2,1,0,0,0,0,0
RRBP1,0,1,0,0,0,0
RSPO2,1,0,0,0,0,0
RSU1,0,0,1,0,0,0
RTCB,0,0,0,1,0,0
RTF1,1,0,0,0,0,0
RUNDC3B,0,0,1,0,0,0
RUNX2,0,0,1,0,0,0
RUVBL1,1,0,0,0,0,0
SALL3,1,1,0,1,0,0
SAMD15,1,0,0,0,0,0
SAMHD1,0,0,0,1,0,0
SAMM50,0,0,0,1,0,0
SAP30BP,0,0,0,1,0,0
SARAF,0,1,0,0,0,0
SASH1,0,0,0,0,0,1
SATB1,1,0,0,0,0,0
SCAF8,1,0,0,0,0,0
SCLT1,0,0,0,0,0,1
SCLY,0,0,1,0,0,0
SCNN1B,0,0,0,1,0,0
SCNN1G,0,0,0,1,0,0
SCOC,0,0,0,1,0,0
SCUBE1,0,0,0,1,0,0
SDK1,1,0,1,0,1,0
SEC13,0,0,1,0,0,0
SEC23B,0,1,0,0,0,0
SEC24B,1,0,0,0,0,0
SEMA5A,0,0,0,0,1,0
SEMA6D,0,0,1,0,0,0
SENP2,0,0,1,0,0,0
SEPT12,0,0,0,0,1,0
SEPTIN11,1,0,0,0,0,0
SERTAD4,1,0,0,0,0,0
SESN2,1,0,0,0,0,0
SESTD1,0,0,1,0,0,0
SETD7,0,0,0,1,0,0
SFMBT1,1,0,1,0,0,0
SFRP2,0,1,0,0,0,0
SFT2D1,1,0,0,0,0,0
SFXN5,1,0,0,0,0,0
SGCG,0,0,1,0,0,0
SGCZ,0,1,0,0,0,0
SGMS1,0,0,0,0,1,0
SH2D4A,0,0,1,0,0,0
SH3D19,0,1,0,0,0,0
SH3KBP1,0,0,0,0,1,0
SHISA3,0,1,0,0,0,0
SHISA6,0,0,0,0,1,0
SHISAL1,0,0,0,1,0,0
SIDT1,0,0,0,1,0,0
SIGLEC1,0,0,0,1,0,0
SIM1,0,0,1,0,0,0
SINHCAF,1,0,0,0,0,0
SIPA1L1,0,1,0,0,0,0
SIRT5,0,0,0,1,0,0
SKA3,1,0,0,0,0,0
SKAP2,0,0,1,0,0,0
SLC13A4,1,0,0,0,0,0
SLC15A2,0,0,1,0,0,0
SLC16A12,0,0,0,0,0,1
SLC16A5,0,0,0,1,0,0
SLC17A5,0,0,0,1,0,0
SLC22A15,0,0,0,1,0,0
SLC22A23,1,0,0,0,0,0
SLC25A19,0,0,0,1,0,0
SLC25A40,0,0,1,0,0,0
SLC29A3,0,0,1,0,0,0
SLC30A9,0,1,1,0,0,0
SLC31A2,0,0,0,1,0,0
SLC35F1,1,0,0,0,0,0
SLC35F4,0,0,0,0,1,0
SLC37A3,0,0,1,0,0,0
SLC39A10,0,0,1,0,0,0
SLC41A2,0,0,0,1,0,0
SLC46A3,0,0,1,0,0,0
SLC4A10,0,0,1,0,0,0
SLC4A1AP,0,0,1,0,0,0
SLC4A3,1,0,0,0,0,0
SLC5A7,0,0,0,0,1,0
SLC66A2,0,1,0,1,0,0
SLC6A1,1,0,0,0,0,0
SLC6A15,0,0,0,0,0,1
SLC9A3,1,1,0,1,0,0
SLC9A9,0,0,0,0,1,0
SLIT3,1,0,1,0,0,0
SLITRK1,1,0,0,0,0,0
SMIM26,0,1,0,0,0,0
SMIM28,0,1,0,0,0,0
SMIM4,0,0,1,0,0,0
SMIM5,0,0,0,1,0,0
SMOC1,0,0,1,0,0,0
SMOC2,1,0,0,0,0,0
SMYD2,1,0,0,0,0,0
SMYD3,1,0,0,0,0,0
SNCA,0,0,0,0,1,0
SNRPB2,0,1,0,0,0,0
SNX14,0,0,0,1,0,0
SNX5,0,1,0,0,0,0
SNX6,0,0,1,0,0,0
SNX7,0,0,1,0,0,0
SORCS2,0,0,0,0,1,1
SOS1,1,0,0,0,0,0
SOX2,1,0,0,0,0,0
SOX4,0,1,0,1,0,0
SP9,1,0,0,0,0,0
SPAG1,0,0,1,0,0,0
SPAG16,1,0,0,0,0,0
SPATA7,1,0,0,0,0,0
SPATS2L,0,0,0,0,0,1
SPC25,1,0,0,0,0,0
SPCS3,0,0,0,1,0,0
SPDYA,0,1,0,0,0,0
SPECC1,0,0,0,0,1,0
SPEG,1,0,0,0,0,0
SPHK1,0,0,0,1,0,0
SPICE1,0,0,0,1,0,0
SPINK2,0,1,0,0,0,0
SPOCK1,0,0,0,0,1,0
SRA1,0,0,0,1,0,0
SRBD1,1,0,0,0,0,0
SRP68,0,0,0,1,0,0
SRP72,0,1,0,0,0,0
SRPRA,1,0,1,0,0,0
SS18L1,0,0,0,0,1,0
ST6GAL2,1,0,0,0,1,0
ST6GALNAC2,0,0,0,1,0,0
STAC,0,0,1,0,0,0
STARD5,0,0,1,0,0,0
STK16,1,0,0,0,0,0
STK38L,0,0,0,0,0,1
STK4,0,0,1,0,0,0
STMP1,1,0,0,0,0,0
STON1,0,1,0,0,0,0
STS,0,0,0,0,1,0
STT3A,1,0,1,0,0,0
STXBP1,0,0,0,1,0,0
STXBP5L,0,0,0,1,0,0
SUGCT,1,0,0,0,0,0
SULT4A1,0,0,0,1,0,0
SULT6B1,1,0,0,0,0,0
SUMO2,0,0,1,1,0,0
SUPT6H,1,0,0,0,0,0
SUPT7L,0,0,1,0,0,0
SUSD4,0,1,0,0,0,0
SV2C,0,0,0,0,0,1
SVOPL,0,1,0,0,0,0
SYN2,1,1,0,0,0,0
SYN3,0,0,0,1,0,0
SYNCRIP,0,0,0,1,0,0
SYNDIG1,0,1,0,0,0,0
SYNE1,0,0,1,0,1,0
SYT1,0,0,1,0,1,0
SYT14,1,0,0,0,0,0
TAF2,1,0,0,0,0,0
TANK,1,0,0,0,0,0
TASP1,0,0,1,0,0,0
TBC1D12,0,0,1,0,0,0
TBC1D24,0,0,0,1,0,0
TBC1D32,0,0,1,0,0,0
TBC1D9,0,0,0,1,0,0
TBCD,0,0,0,0,1,0
TBX18,0,0,0,1,0,0
TBXA2R,1,0,1,0,0,0
TCAIM,0,1,0,0,0,0
TCP10,0,0,0,0,1,0
TCP11L1,0,0,0,1,0,0
TCP11L2,0,0,0,1,0,0
TDG,0,0,0,1,0,0
TDO2,0,0,1,0,0,0
TDP1,0,0,0,0,0,1
TELO2,0,0,0,1,0,0
TEN1,0,0,0,1,0,0
TENM3,0,0,1,0,0,0
TG,1,0,0,0,0,0
TGFB2,0,0,0,0,1,0
TGFB3,0,1,0,0,0,0
TGFBR1,1,1,1,1,0,0
TGIF2,0,0,1,1,0,0
THADA,0,0,0,1,0,0
THBS1,1,0,0,0,0,0
THEGL,0,1,0,0,0,0
THSD7A,1,0,0,0,0,0
TIAM1,0,0,0,0,1,0
TIGD4,0,1,0,0,0,0
TIMP3,0,0,0,1,0,0
TIRAP,1,0,1,0,0,0
TJP3,1,0,1,0,0,0
TLCD1,1,0,0,0,0,0
TLDC2,0,0,0,1,0,0
TLK1,0,0,0,0,0,1
TLR5,0,1,0,0,0,0
TLX2,0,0,0,1,0,0
TLX3,0,0,0,1,0,0
TM4SF4,0,0,1,0,0,0
TMC3,0,0,1,0,0,0
TMCC3,1,0,0,0,0,0
TMED8,1,0,0,0,0,0
TMEM100,0,0,1,0,0,0
TMEM123,0,1,0,1,0,0
TMEM131L,0,1,0,0,0,0
TMEM144,0,0,0,0,1,0
TMEM154,0,1,0,0,0,0
TMEM163,0,0,0,0,1,0
TMEM177,0,0,0,0,1,0
TMEM204,0,0,0,1,0,0
TMEM213,0,1,0,0,0,0
TMEM263,0,0,0,1,0,0
TMEM268,0,0,0,1,0,0
TMEM33,0,0,1,0,0,0
TMEM94,0,0,0,1,0,0
TMTC1,0,1,0,0,0,0
TMX3,0,0,1,0,0,0
TNFRSF1A,0,0,0,1,0,0
TNIK,0,0,0,0,1,0
TNKS,0,1,0,0,0,0
TOMM34,0,0,1,0,0,0
TOP1MT,1,0,0,0,0,0
TOPAZ1,0,1,1,0,0,0
TOR4A,0,0,0,1,0,0
TP53INP2,0,0,0,1,0,0
TPMT,0,0,0,1,0,0
TPPP,0,1,0,1,0,0
TPRN,0,0,0,1,0,0
TPT1,1,0,0,0,0,0
TRA2B,0,0,1,0,0,0
TRAK1,0,0,1,1,0,0
TRAPPC12,0,0,1,0,0,0
TRAPPC9,0,0,0,0,1,0
TRIM2,1,1,0,0,0,0
TRIM45,0,0,0,1,0,0
TRIM71,0,1,0,0,0,0
TRIO,1,0,0,0,0,1
TRIP11,0,0,0,0,1,0
TRIP12,0,0,1,0,1,0
TRIP13,1,1,0,1,0,0
TRIQK,0,0,0,0,1,0
TRMT10A,0,1,0,0,0,0
TRMT61B,0,1,0,0,0,0
TRMT9B,0,1,0,0,0,0
TRNAI-AAU-4,0,0,1,1,0,0
TRNAI-UAU,0,0,0,1,0,0
TRNAR-CCU-2,0,0,0,1,0,0
TRNAR-CCU-3,0,0,0,1,0,0
TRNAR-UCG-2,0,0,0,1,0,0
TRNAR-UCG-3,0,0,0,1,0,0
TRNAR-UCU-3,0,0,0,1,0,0
TRPC6,0,1,0,1,0,0
TSEN2,0,1,0,0,0,0
TSEN54,0,0,0,1,0,0
TSN,1,0,0,0,0,0
TSPAN5,0,1,0,0,0,0
TSPO,0,0,0,1,0,0
TSR3,0,0,0,1,0,0
TTC31,0,0,0,1,0,0
TTC9,0,1,0,0,0,0
TTLL1,0,0,0,1,0,0
TTLL12,0,0,0,1,0,0
TTLL5,0,1,0,0,0,0
TTLL7,0,0,0,0,1,0
TUBB4B,0,0,0,1,0,0
TUBGCP3,0,0,1,0,0,0
TUSC3,0,1,0,0,0,0
TXLNB,0,1,0,0,0,0
TXNL4A,0,1,0,1,0,0
TXNRD1,0,0,0,1,0,0
TYMS,0,0,0,0,1,0
UBA6,0,0,1,0,0,0
UBALD2,0,0,0,1,0,0
UBAP1L,0,0,0,0,1,0
UBE2B,0,0,0,0,1,0
UBE2I,0,0,1,1,0,0
UBE2O,0,0,0,1,0,0
UBE4B,0,0,0,0,1,0
UBFD1,0,0,0,1,0,0
UCHL1,0,0,0,0,0,1
UFM1,0,0,0,0,1,0
ULK4,0,0,0,1,0,0
UNC13C,0,0,1,0,0,0
UNC13D,0,0,0,1,0,0
UNC5C,1,0,0,0,0,0
UNK,0,0,0,1,0,0
USH1G,0,0,0,1,0,0
USP31,0,0,0,1,0,0
USP45,1,0,0,0,0,0
UXS1,0,0,0,0,1,0
VAMP4,1,0,0,0,0,0
VASH1,0,1,0,0,0,0
VEGFC,0,0,0,1,0,0
VGLL1,0,0,1,0,0,0
VIPAS39,1,0,0,0,0,0
VIPR1,0,0,0,0,1,0
VPS4B,0,0,1,0,0,0
VRK1,1,0,0,0,0,1
VTCN1,0,0,0,1,0,0
WASF3,0,0,0,0,1,0
WASHC4,0,0,0,1,0,0
WASL,0,0,1,0,0,0
WBP1,0,0,0,1,0,0
WBP2,0,0,0,1,0,0
WDR17,0,0,0,1,0,0
WDR43,0,1,0,0,0,0
WDR72,0,0,1,0,0,0
WDR92,0,1,0,0,0,0
WHRN,0,0,0,1,0,0
WNT16,0,0,1,0,0,0
WT1,0,0,0,1,0,0
WWC2,1,0,0,0,0,0
WWTR1,0,0,1,0,0,0
XRN1,0,0,0,0,1,0
YAE1,1,0,0,0,0,0
YAP1,0,1,0,1,0,0
YARS2,1,0,0,0,0,0
YIPF7,0,1,0,0,0,0
YWHAB,0,0,1,0,0,0
ZBTB10,0,0,1,0,0,0
ZBTB14,1,0,0,0,0,0
ZBTB20,0,0,0,1,0,0
ZC3H3,0,0,1,0,0,0
ZDHHC17,1,0,0,0,0,0
ZDHHC20,1,0,0,0,0,0
ZDHHC23,0,0,0,1,0,0
ZEB2,1,0,1,0,0,0
ZFAND2B,1,0,0,0,0,0
ZFHX4,0,1,1,0,0,0
ZFP36L2,0,0,0,1,0,0
ZMAT2,0,0,0,1,0,0
ZMYM3,1,0,1,0,0,0
ZNF330,0,0,0,1,0,0
ZNF407,0,0,1,0,0,0
ZNF536,0,0,1,0,0,0
ZNF804B,0,0,1,0,0,0
ZNF827,0,0,1,0,0,0
ZPLD1,0,0,1,1,1,0